user_id,first_name,last_name,gender
0,Shelia,Mahoney,Male
1,Jo,Rivers,Female
2,Sheryl,Lowery,Female
3,Whitney,Hooper,Male
4,Lindsey,Rice,Female
5,Sherry,Caldwell,Male
6,Ernest,Hoffman,Male
7,Doris,Andersen,Male
8,Cheryl,Mays,Male
9,Harry,Mitchell,Male
10,Casey,Ayala,Male
11,Sara,Huff,Male
12,Eddie,Barnes,Female
13,Ralph,Lowe,Female
14,Priscilla,Davis,Male
15,Carly,Abbott,Female
16,Nicolas,Mckinney,Male
17,Natasha,Macias,Female
18,Courtney,Jenkins,Female
19,Perry,Mcmahon,Female
20,Emily,Travis,Male
21,Meghan,Hawkins,Male
22,Ernest,Oconnell,Male
23,Norman,Walton,Female
24,Roger,Sweeney,Female
25,Ethan,Wu,Male
26,Catherine,Myers,Male
27,Catherine,Nash,Female
28,Corey,Delgado,Male
29,Hunter,Hahn,Female
30,Dakota,Gomez,Male
31,Nathaniel,Clarke,Female
32,Marco,Reyes,Male
33,Todd,Weber,Male
34,Bryan,Vaughn,Male
35,Adrienne,Lambert,Male
36,Seth,Hess,Male
37,Stefanie,Sherman,Male
38,Kent,Velez,Male
39,Angela,Huff,Male
40,Harry,Moore,Female
41,Kristopher,Barnes,Male
42,Rachael,Herrera,Male
43,Vincent,Berger,Female
44,Don,Bolton,Male
45,Olivia,Duke,Female
46,Erik,Rosales,Female
47,Judith,Wall,Female
48,Chloe,Ramirez,Female
49,George,Mercer,Female
50,Jo,Zavala,Male
51,Joshua,Carey,Female
52,Rickey,Hobbs,Female
53,Robyn,Reilly,Male
54,Christina,Conrad,Male
55,Shelby,Cole,Male
56,Steve,Donovan,Male
57,Gina,Little,Female
58,Connie,Dawson,Female
59,Aaron,Page,Male
60,Lance,Bradshaw,Male
61,Mary,Daniels,Male
62,Yesenia,Harding,Male
63,Shane,Reyes,Female
64,Norma,Olson,Female
65,Melinda,Haas,Male
66,Darrell,Fuller,Male
67,Priscilla,Valenzuela,Male
68,Karla,Steele,Female
69,Alexandria,Mcguire,Female
70,Joanna,Doyle,Male
71,Lydia,Neal,Female
72,Darryl,Meyer,Male
73,Alice,Harding,Male
74,Seth,Pratt,Male
75,Amy,Payne,Male
76,Vickie,Mccoy,Male
77,Hector,Sparks,Female
78,Colin,Conley,Female
79,Joshua,Grant,Male
80,Yesenia,Key,Male
81,Meghan,Humphrey,Female
82,Eddie,Daniels,Male
83,Joyce,Abbott,Female
84,Isaiah,Olson,Female
85,Curtis,Haney,Male
86,Devon,Henry,Female
87,Jordan,Long,Male
88,Tom,Mccarty,Female
89,Bethany,Davila,Female
90,Ariel,Blankenship,Female
91,Jaclyn,Mclean,Male
92,Stephanie,Donovan,Male
93,Carly,Brooks,Female
94,Dominique,Stevenson,Male
95,Doris,Holmes,Female
96,Joe,Acevedo,Male
97,Tony,Melendez,Male
98,Lydia,Vargas,Male
99,Matthew,Yoder,Female
100,Laura,Bishop,Male
101,Vernon,Terry,Male
102,Roberta,Hodge,Male
103,Janet,Heath,Female
104,Taylor,Paul,Male
105,Ariana,Potter,Male
106,Dave,Myers,Female
107,Beth,Harrington,Male
108,Diamond,Spence,Male
109,Timothy,Weeks,Male
110,Victor,Castro,Female
111,Samantha,Harris,Male
112,Priscilla,Bean,Male
113,Erica,Atkins,Female
114,Tonya,Blankenship,Female
115,Diane,Small,Female
116,Karl,Floyd,Male
117,Dana,Higgins,Female
118,Neil,Sawyer,Male
119,Julia,Acosta,Male
120,Brandy,Carpenter,Male
121,Darren,Manning,Female
122,Roger,Beasley,Male
123,Albert,Tyler,Male
124,Tracie,Mooney,Female
125,Tim,Ponce,Female
126,Margaret,Carr,Male
127,Autumn,Davis,Female
128,Christina,Hendrix,Female
129,Andrew,Holden,Male
130,April,Hebert,Male
131,Peter,Long,Male
132,Christina,Carter,Female
133,David,Faulkner,Female
134,Willie,Arellano,Female
135,Traci,Sosa,Male
136,Alexandria,Burgess,Male
137,Manuel,Castro,Male
138,Nathan,Glenn,Male
139,Hailey,Aguirre,Male
140,Arthur,Lyons,Female
141,Alexa,Washington,Female
142,Jorge,Wells,Female
143,Oscar,Camacho,Female
144,Derrick,Cook,Male
145,Teresa,Page,Male
146,Randy,Tanner,Female
147,Joann,Fuller,Male
148,Christopher,Braun,Female
149,Malik,Summers,Male
150,Kristi,Sims,Female
151,Mariah,Huang,Female
152,Monique,Mahoney,Female
153,Stacie,Cardenas,Female
154,Shannon,Cochran,Female
155,Peggy,Odom,Male
156,Anthony,Briggs,Female
157,Perry,Levine,Male
158,Denise,Hahn,Male
159,Thomas,Bruce,Female
160,Robyn,Paul,Male
161,Miguel,Leblanc,Female
162,Laura,Rice,Male
163,Madeline,Leach,Male
164,Christopher,Nixon,Male
165,Mackenzie,Cantrell,Male
166,Phyllis,Sanchez,Male
167,Jesus,Sosa,Female
168,Maurice,Hodge,Female
169,Brittney,Stafford,Male
170,Dalton,Butler,Female
171,Russell,Zamora,Female
172,Alex,Stewart,Male
173,Jenny,Nash,Female
174,Daryl,Koch,Female
175,Jake,Tate,Male
176,Luke,Fletcher,Female
177,Earl,Yates,Male
178,Brittany,James,Male
179,Wanda,Alvarado,Female
180,Mckenzie,Beltran,Male
181,Ernest,Camacho,Female
182,Haley,Hays,Female
183,Dalton,Chaney,Female
184,Drew,Sanchez,Male
185,Bradley,Copeland,Female
186,Alan,Randall,Male
187,Angelica,Hull,Male
188,Daryl,Newman,Female
189,Tristan,Morton,Female
190,Tami,Compton,Male
191,Grant,Esparza,Female
192,Sherri,Williams,Male
193,Barbara,Bowers,Male
194,Sherry,Maldonado,Male
195,Francisco,Flowers,Female
196,Janice,Daugherty,Female
197,Melody,Clements,Male
198,Evan,Howe,Male
199,Terrance,Rowe,Male
200,Stephanie,Nunez,Female
201,Jimmy,Wiggins,Male
202,Sonia,Parks,Female
203,Curtis,Zamora,Male
204,Tracie,Baker,Female
205,Eugene,Richmond,Female
206,Lonnie,Bernard,Female
207,Alan,Shaffer,Male
208,Grace,Mckenzie,Male
209,Logan,Obrien,Female
210,Katrina,Duke,Female
211,Katherine,Bolton,Male
212,Perry,Rollins,Male
213,Makayla,York,Female
214,Jo,Olsen,Female
215,Christian,Mosley,Male
216,Nancy,Arias,Male
217,Cheryl,Friedman,Female
218,Helen,Maynard,Male
219,Jennifer,Kane,Female
220,Danielle,Howard,Female
221,Candice,Estes,Male
222,Renee,Alvarado,Female
223,Annette,Santos,Female
224,Kerry,Newman,Male
225,Lindsey,Kline,Male
226,Dominic,Buchanan,Male
227,Gordon,Hess,Male
228,Bruce,Pineda,Male
229,Maxwell,Vega,Female
230,Geoffrey,Lawrence,Female
231,Charlene,Schwartz,Male
232,Anita,Burnett,Male
233,Leslie,Patel,Male
234,Pamela,Hayden,Female
235,Deanna,Ford,Male
236,Bonnie,Hammond,Male
237,Debra,Byrd,Male
238,Sharon,Torres,Male
239,Olivia,Austin,Male
240,Jean,Harmon,Female
241,Bridget,Griffith,Male
242,Curtis,Flores,Female
243,Bridget,Ryan,Male
244,Mitchell,Boyd,Female
245,Peter,Bruce,Female
246,Jonathon,Huynh,Male
247,Connie,Myers,Male
248,Stacie,Barnett,Female
249,Jacqueline,Harper,Male
250,Kara,Bruce,Female
251,Caroline,Lindsey,Male
252,Meagan,Salazar,Male
253,Jamie,Logan,Female
254,Nicholas,Glenn,Female
255,Shane,Donaldson,Male
256,Norman,Zhang,Male
257,Pamela,Hutchinson,Female
258,Yolanda,Stanton,Male
259,Phillip,Valencia,Male
260,Taylor,Benton,Male
261,Ebony,Ross,Male
262,Lucas,Hess,Male
263,Alan,Nixon,Female
264,Ernest,Wong,Male
265,Kristina,Krueger,Male
266,Shaun,Nixon,Male
267,Anthony,Wallace,Male
268,William,Ingram,Female
269,Bobby,Day,Female
270,Krista,Booker,Male
271,Isaiah,Hood,Male
272,Gilbert,Church,Female
273,Dawn,Francis,Female
274,Melody,Jacobson,Male
275,Edgar,Ball,Male
276,Allison,Walls,Male
277,Clayton,Anderson,Female
278,Desiree,Beltran,Female
279,Yvette,Webster,Male
280,Albert,Cross,Male
281,Kara,Gamble,Male
282,Yolanda,Miller,Male
283,Cheryl,Tucker,Female
284,Beverly,Clarke,Female
285,Kerri,Morris,Male
286,Ralph,Richards,Female
287,Stefanie,Castillo,Female
288,Judith,Huff,Male
289,Benjamin,Ramsey,Male
290,Pamela,Dean,Female
291,Tricia,Chandler,Female
292,Zachary,Nixon,Female
293,Leon,Guerrero,Male
294,Lacey,Casey,Male
295,Yesenia,Petty,Male
296,Phillip,Morales,Male
297,Teresa,Powers,Male
298,Stacy,Roach,Female
299,Gary,Blackwell,Male
300,Jasmine,Irwin,Male
301,Angie,Munoz,Female
302,Stanley,Beard,Male
303,Mary,Donaldson,Female
304,Tristan,Aguirre,Male
305,Jessica,Stokes,Male
306,Kerry,Downs,Male
307,Megan,Owen,Female
308,Steven,Decker,Female
309,Dwayne,Vazquez,Male
310,Chelsey,Singh,Male
311,Alex,Newton,Female
312,Bethany,Walsh,Female
313,Mario,Pennington,Male
314,Deborah,Benjamin,Male
315,Marc,Owens,Female
316,Kristin,Love,Female
317,Frederick,Villegas,Female
318,Angel,Vance,Male
319,Tasha,Stout,Male
320,Emily,Good,Female
321,Warren,Harrington,Male
322,Julian,Camacho,Male
323,Edward,Powers,Male
324,Hector,Fritz,Male
325,Brittney,May,Female
326,Bethany,Santos,Male
327,Vicki,Mitchell,Male
328,Jay,Perkins,Male
329,Candace,Case,Female
330,Valerie,Welch,Female
331,Hunter,Blair,Female
332,Phillip,Barnes,Female
333,Micheal,Booker,Male
334,Daniel,Morris,Female
335,Jonathan,Molina,Female
336,Kirk,Norton,Female
337,Kurt,Liu,Male
338,Stefanie,Prince,Female
339,Ariana,Hickman,Male
340,Lydia,Torres,Female
341,Jenny,Hurley,Female
342,Ryan,Ward,Female
343,Aimee,Bridges,Male
344,Kari,Brewer,Female
345,Vicki,Park,Male
346,Kerri,Simpson,Male
347,Raven,Moore,Male
348,Darryl,Barton,Female
349,Leah,Benton,Male
350,Bernard,Schroeder,Male
351,Robert,Montgomery,Female
352,Randall,Collins,Female
353,Stacie,Archer,Female
354,Eduardo,Rodgers,Female
355,Robert,Avila,Male
356,Jermaine,Michael,Female
357,Lance,Blankenship,Male
358,Alvin,Smith,Male
359,Kathryn,Bernard,Female
360,Jamie,Jimenez,Female
361,Francisco,Hutchinson,Female
362,Earl,Jenkins,Male
363,Heather,Snyder,Female
364,Christine,Matthews,Male
365,Kaylee,Dixon,Female
366,Ariel,Prince,Female
367,Emma,Hinton,Female
368,Kara,Esparza,Male
369,Erika,Cruz,Male
370,Preston,Erickson,Male
371,Brittney,Norris,Male
372,Gilbert,Lin,Female
373,Jose,Deleon,Female
374,Phyllis,Strickland,Male
375,Robyn,Ferrell,Male
376,Marie,Taylor,Male
377,Cameron,Gray,Male
378,Calvin,Gilbert,Female
379,Glenn,Graves,Female
380,Jeff,Olsen,Female
381,Wyatt,Monroe,Male
382,Gina,Leon,Female
383,Susan,Fritz,Male
384,Tommy,Combs,Male
385,Julian,Sherman,Female
386,Fernando,Carpenter,Female
387,Leonard,Parsons,Female
388,Nina,Giles,Male
389,Anne,Fox,Male
390,Mandy,Green,Male
391,Angel,Stokes,Male
392,Bryce,Ball,Female
393,Whitney,Vargas,Female
394,Natalie,Grimes,Male
395,Vickie,Velez,Male
396,Grant,Morrison,Female
397,Bradley,Douglas,Male
398,Roberto,Yu,Male
399,Debbie,Lozano,Male
400,Henry,Ellis,Female
401,Kyle,Bartlett,Male
402,Ricky,Fitzpatrick,Female
403,Tanya,Spencer,Female
404,Francis,Walter,Female
405,Lydia,Alexander,Female
406,Jessica,Chambers,Male
407,Summer,Escobar,Male
408,Marisa,Vance,Male
409,Gabrielle,Fritz,Female
410,Maureen,Barrett,Female
411,Cody,Arnold,Female
412,Holly,Manning,Female
413,Samantha,Barr,Female
414,Hailey,Pena,Male
415,Phillip,Dalton,Male
416,Maria,Downs,Male
417,Sarah,Ayers,Male
418,Gregg,Hurst,Male
419,Micheal,Todd,Male
420,Gabriel,Heath,Female
421,Joy,Mercer,Male
422,Karen,Brown,Female
423,Molly,Gutierrez,Female
424,Scott,Mcmahon,Male
425,Grace,Bolton,Male
426,Kerry,Andersen,Male
427,Xavier,Johnston,Male
428,Dustin,Hudson,Male
429,Brendan,Gilbert,Female
430,Cory,Forbes,Male
431,Carla,Marshall,Male
432,Tracy,Jarvis,Female
433,Anne,Garza,Male
434,Megan,Mcdonald,Male
435,Sydney,Trujillo,Male
436,Regina,Mclaughlin,Female
437,Randy,Bowen,Male
438,Darin,Wu,Female
439,Tracey,Hurley,Male
440,Jocelyn,Hodge,Female
441,Susan,Joseph,Female
442,Whitney,Burke,Female
443,Emma,Caldwell,Male
444,Valerie,Koch,Male
445,Kiara,Miranda,Female
446,Karla,Shelton,Male
447,Marisa,Snyder,Male
448,Lynn,Cordova,Female
449,Sydney,Leonard,Male
450,Diane,Patel,Male
451,Christian,Zuniga,Female
452,Clayton,Hale,Female
453,Brandon,Campbell,Male
454,Haley,Gay,Male
455,Megan,Roberts,Male
456,Kathleen,Lang,Female
457,Traci,Duke,Female
458,Bryan,Dawson,Male
459,Caitlyn,Wiggins,Female
460,Mary,Salinas,Female
461,Cassie,Knapp,Male
462,Nathaniel,Shaffer,Female
463,Marcia,Wilcox,Male
464,Jose,Webb,Female
465,Drew,Valentine,Female
466,Max,Madden,Male
467,Valerie,Wright,Male
468,Elijah,Barnett,Male
469,Jeanne,Mata,Female
470,Sylvia,Cisneros,Female
471,Linda,Patterson,Male
472,Peggy,Guerrero,Male
473,Tracey,George,Male
474,Curtis,Bolton,Female
475,Candice,Cervantes,Male
476,Rodney,Obrien,Female
477,Jay,Lawson,Male
478,Shawn,Hogan,Female
479,Bob,Park,Male
480,Carmen,Stevenson,Female
481,Dawn,Hickman,Female
482,Elaine,Nichols,Male
483,Ross,Carrillo,Male
484,Blake,Long,Male
485,Johnny,Phillips,Male
486,Tanner,Ford,Male
487,Louis,Hayden,Female
488,Lonnie,Meza,Male
489,Kellie,Frye,Male
490,Claudia,Leon,Male
491,Evan,Logan,Female
492,Monica,Fry,Female
493,Caleb,Nguyen,Female
494,Tasha,Lamb,Female
495,Alyssa,Cisneros,Female
496,Seth,Bullock,Female
497,Logan,Henry,Male
498,Mark,Bishop,Male
499,Sheena,Baird,Male
500,Melody,Clayton,Female
501,Sheryl,Yoder,Male
502,Lynn,Carney,Male
503,Carmen,Irwin,Male
504,Shelley,Patton,Male
505,Jaime,Mays,Male
506,Dan,Woodard,Female
507,Melinda,Ortega,Male
508,Clayton,Flowers,Female
509,Rita,Jefferson,Female
510,Melissa,Palmer,Female
511,Sally,Strickland,Male
512,Janice,Wood,Male
513,Sean,Velazquez,Male
514,Marcia,Berry,Female
515,Dustin,Howard,Male
516,Jodi,Jordan,Male
517,Benjamin,Moses,Female
518,Paula,Mooney,Female
519,Melvin,Edwards,Male
520,Kaylee,Cantrell,Female
521,Logan,Beck,Male
522,Preston,Webb,Female
523,Bernard,Payne,Male
524,Gina,Mays,Female
525,Ariel,Wilkinson,Male
526,Don,Melton,Male
527,Alex,Burns,Female
528,Shelia,Spencer,Male
529,Dominic,Graham,Male
530,Leslie,Richmond,Male
531,Amy,Roman,Female
532,Judy,Meyers,Male
533,Alex,Morrison,Female
534,Allen,Mccall,Female
535,Tiffany,Donovan,Female
536,Sally,Garrett,Female
537,Dakota,Pace,Male
538,Willie,Ewing,Female
539,Isabella,Caldwell,Female
540,Janet,Mcgrath,Male
541,Jeanette,Thompson,Male
542,Emily,Lawson,Male
543,Cristian,Chavez,Male
544,Nina,Mullins,Female
545,Kyle,Bruce,Male
546,Jacob,Arroyo,Female
547,Nicholas,Kirby,Female
548,Jasmine,Chapman,Female
549,Jackie,Potter,Female
550,Rebecca,Castillo,Female
551,Catherine,Summers,Male
552,Clifford,Shields,Male
553,Chase,Davies,Female
554,Jeff,Mejia,Male
555,Brandy,Baxter,Male
556,Heidi,Valenzuela,Female
557,Andrew,Logan,Male
558,Virginia,Sparks,Female
559,Samantha,Brown,Male
560,Lorraine,Andersen,Female
561,Kendra,Buck,Male
562,Aaron,Wheeler,Female
563,Raven,Waters,Female
564,Terri,Stout,Male
565,Ross,Cherry,Male
566,Jeremy,Gonzales,Male
567,Edward,Mcintosh,Male
568,Sabrina,Wilkerson,Female
569,Darren,Ramirez,Female
570,Tanya,Burgess,Female
571,Connor,Benitez,Female
572,Angela,Pruitt,Female
573,Norma,Cline,Female
574,Perry,Camacho,Male
575,Darryl,Ballard,Female
576,Maxwell,Greene,Female
577,Nicole,Harrington,Female
578,Gail,Walters,Female
579,David,Cooper,Female
580,Jade,Molina,Female
581,Shannon,Marquez,Male
582,Jake,Shannon,Male
583,Dawn,Lowery,Female
584,Carrie,Newman,Male
585,Ross,Davenport,Male
586,Johnathan,Dudley,Female
587,Franklin,Decker,Female
588,Candace,Velasquez,Male
589,Kaylee,Skinner,Female
590,Francis,Carr,Male
591,Breanna,Yu,Female
592,Marco,Ramos,Female
593,April,Love,Female
594,Bryan,Wise,Male
595,Sabrina,Burch,Male
596,Evan,Kerr,Female
597,Luis,Knox,Female
598,Jo,Beasley,Female
599,Rebecca,Beasley,Female
600,Kristie,Good,Male
601,Natalie,Velasquez,Female
602,Dominic,Friedman,Male
603,Molly,Ashley,Female
604,Kristin,Wang,Female
605,Rick,Chavez,Male
606,Wyatt,Bennett,Female
607,Meagan,Roth,Female
608,Lisa,Roy,Male
609,Marie,Bautista,Female
610,Rita,Walsh,Male
611,Howard,Sosa,Female
612,Kenneth,Middleton,Male
613,Katelyn,Burns,Male
614,Douglas,Ellis,Male
615,Rickey,Sims,Female
616,Tammy,Delacruz,Female
617,Mallory,Warner,Male
618,Charlene,Abbott,Female
619,Bailey,Bonilla,Male
620,Jody,Carlson,Female
621,Theresa,Zavala,Female
622,Darlene,Underwood,Female
623,Amanda,Glover,Female
624,Vickie,Mcgee,Female
625,Laurie,Wallace,Male
626,Fernando,Escobar,Female
627,George,Maynard,Male
628,Samuel,Glover,Male
629,Heidi,Brock,Male
630,Bill,Pierce,Male
631,Max,Hanson,Female
632,Alexander,Benjamin,Male
633,Kelly,Gentry,Female
634,Brett,Petersen,Male
635,Lorraine,Miles,Male
636,Heidi,Berger,Male
637,Jaime,Kelley,Female
638,Brittany,Conner,Female
639,Christy,Martin,Male
640,Regina,Sims,Female
641,Ariel,Bean,Female
642,Troy,Weeks,Male
643,Carrie,Gomez,Male
644,Norman,Lambert,Male
645,Vernon,Lara,Male
646,Shaun,Robertson,Male
647,Sheila,Pace,Female
648,Diamond,Huber,Female
649,Bryan,Oconnell,Male
650,Chelsea,Fitzpatrick,Male
651,Emma,Jenkins,Female
652,Elijah,Roberts,Female
653,Darren,Hamilton,Female
654,Alicia,Orr,Male
655,Christina,Barnett,Female
656,Tabitha,Beltran,Female
657,Sarah,Schroeder,Male
658,Katrina,Jordan,Female
659,Sophia,Harris,Female
660,Brady,Coffey,Female
661,Kristie,Cameron,Female
662,Tracy,Yang,Female
663,Hayley,Hess,Female
664,Joanne,Moody,Male
665,Rick,Shields,Male
666,Jo,Harris,Male
667,Yvette,Barrett,Male
668,Autumn,Avila,Male
669,Eduardo,Maldonado,Female
670,Shari,Gillespie,Female
671,Caitlyn,Webb,Male
672,Cathy,Gallagher,Female
673,Morgan,Spears,Female
674,Bianca,Merritt,Male
675,Kenneth,Sanchez,Male
676,David,Skinner,Male
677,Caitlin,Hoffman,Female
678,Peggy,Moore,Male
679,Doris,Larsen,Female
680,Mercedes,Potts,Female
681,Craig,Duffy,Male
682,Tami,Patton,Female
683,Erik,Summers,Male
684,Theresa,Cantrell,Female
685,Kendra,Bird,Female
686,Heidi,Odonnell,Male
687,Regina,Green,Female
688,Betty,Quinn,Female
689,Mariah,Woodard,Female
690,Emily,Molina,Male
691,Kristine,Dyer,Female
692,Brad,Crosby,Female
693,Drew,Beck,Male
694,Blake,Whitehead,Male
695,Maureen,Flores,Female
696,Monica,Santos,Female
697,Brittney,Stephens,Female
698,Aaron,Little,Male
699,Leon,Duarte,Male
700,Frances,Harrell,Male
701,Anthony,Ross,Female
702,Alejandra,Esparza,Female
703,Angelica,Lynn,Female
704,Tara,Moody,Male
705,Patrick,Landry,Female
706,Claire,Esparza,Male
707,Evan,Sheppard,Male
708,Claire,Thornton,Male
709,Richard,Rocha,Female
710,Kent,Flowers,Male
711,Jane,Zamora,Female
712,Rita,Sweeney,Female
713,Leah,Mcfarland,Male
714,Vincent,Schmidt,Male
715,Ronnie,Hurley,Male
716,Audrey,Burke,Female
717,Javier,Mata,Male
718,Cassie,Price,Female
719,Julian,Zuniga,Female
720,Carla,Ramos,Male
721,Elizabeth,Pearson,Male
722,Lorraine,Carney,Male
723,Joanna,Kaiser,Male
724,Johnny,Daugherty,Male
725,Gabriel,Bird,Male
726,Bianca,Becker,Female
727,Reginald,Roach,Female
728,Kimberly,Kirby,Male
729,Lonnie,Duke,Female
730,Kelli,Koch,Male
731,Jo,Kidd,Female
732,Diana,Rivera,Female
733,Allen,Fitzgerald,Female
734,Leonard,Wallace,Female
735,Arthur,Pugh,Female
736,Dwayne,Bauer,Male
737,Heidi,Avila,Female
738,Franklin,Key,Male
739,Sergio,Rangel,Female
740,Gina,David,Male
741,Mike,Baldwin,Male
742,Holly,Burnett,Female
743,Jenna,Dawson,Female
744,Catherine,Bryan,Male
745,Jerome,Dougherty,Male
746,Wayne,Zhang,Male
747,Blake,Duke,Male
748,Rick,Mosley,Male
749,Reginald,Howard,Male
750,Chad,Manning,Male
751,Wayne,Velazquez,Female
752,Darren,Lowery,Female
753,Perry,Wright,Female
754,Mandy,Gregory,Male
755,Tammie,Neal,Female
756,Wayne,Guzman,Male
757,Whitney,Wang,Male
758,Cassie,Moore,Male
759,Regina,Carlson,Male
760,Jason,Downs,Female
761,Jose,Kemp,Female
762,Joy,Meadows,Female
763,Renee,Bowen,Male
764,Julian,Pennington,Female
765,Pam,Jennings,Male
766,Julie,Mckay,Female
767,Jodi,Pena,Male
768,Mason,Compton,Female
769,Frederick,Perry,Female
770,Sheena,Crawford,Female
771,Katelyn,Henderson,Male
772,Bobby,Patterson,Male
773,Marvin,Steele,Female
774,Katrina,Woods,Female
775,Rachael,Delgado,Male
776,Alexandra,Ward,Female
777,Darlene,Mcdonald,Female
778,Morgan,Luna,Male
779,Vernon,Hancock,Female
780,Robyn,Richardson,Female
781,Vanessa,Fischer,Male
782,Heidi,Roman,Male
783,Kristen,Brewer,Male
784,Jean,Browning,Female
785,Lawrence,Gregory,Male
786,Christine,Payne,Male
787,Barbara,Ramirez,Female
788,Ruben,Hammond,Female
789,Donald,Nash,Female
790,Angelica,Anthony,Female
791,Claire,Glass,Female
792,Leslie,Curry,Female
793,Calvin,Thomas,Male
794,Makayla,Boyer,Male
795,Caitlyn,Bass,Male
796,Tony,Holmes,Male
797,Lydia,Cisneros,Male
798,Debra,Knight,Female
799,Garrett,Barber,Female
800,Annette,Grant,Male
801,Todd,Blackburn,Female
802,Xavier,Ray,Female
803,Gilbert,Wilcox,Female
804,Frances,Gilbert,Female
805,Eduardo,Whitehead,Female
806,Jillian,Valenzuela,Female
807,Jenna,Atkins,Female
808,Chelsey,Martinez,Male
809,Ebony,Harmon,Female
810,Grace,Underwood,Female
811,Harry,Conrad,Female
812,Rebekah,Koch,Female
813,Jody,Nguyen,Female
814,Caleb,Erickson,Male
815,Katie,Gamble,Female
816,Patricia,Lane,Female
817,Dorothy,Shannon,Male
818,Dominic,Moran,Male
819,Virginia,Tate,Female
820,Terrance,Hubbard,Male
821,Paula,Daniels,Male
822,Steve,Peck,Male
823,Franklin,Conley,Female
824,Mary,Aguirre,Male
825,Krista,Alexander,Female
826,Tim,Frey,Female
827,Shane,Mcgrath,Male
828,Sonya,Nixon,Male
829,Diana,Burnett,Male
830,Kirk,Stanton,Female
831,Toni,Kline,Female
832,Sonya,Flowers,Female
833,Stuart,Kim,Female
834,Margaret,Wang,Male
835,Fred,Dennis,Male
836,Becky,Jimenez,Male
837,Mark,Donovan,Female
838,Terri,Brock,Male
839,Jorge,Flynn,Male
840,Jean,Harding,Male
841,Laura,Horton,Female
842,Carlos,Ramos,Male
843,Norman,Fritz,Male
844,Dana,Hayes,Female
845,Jonathon,Holden,Male
846,David,Garcia,Female
847,Javier,Camacho,Male
848,Shelley,Barajas,Female
849,Jerry,Mooney,Male
850,Gwendolyn,Lane,Female
851,Jon,Soto,Male
852,Melody,Hebert,Male
853,Gloria,Allison,Female
854,Kristi,Orr,Female
855,Bethany,Olson,Female
856,Holly,Cisneros,Female
857,Stuart,Tapia,Male
858,Kaylee,Meyers,Female
859,Ricardo,Washington,Male
860,Roberto,Frey,Female
861,Doris,Coleman,Female
862,Nancy,Reese,Female
863,Juan,Pratt,Female
864,Marvin,Li,Female
865,Angela,Novak,Female
866,Bradley,Miller,Female
867,Jaclyn,Duke,Male
868,Leon,Farrell,Female
869,Katrina,Duncan,Male
870,Savannah,Marsh,Female
871,Cristian,Hansen,Female
872,Jasmine,Mcdaniel,Female
873,Wendy,Ware,Female
874,Leroy,Ramsey,Male
875,Natalie,Owens,Male
876,Craig,Olson,Female
877,Patrick,Wallace,Male
878,Ivan,Newton,Male
879,Cody,Stafford,Female
880,Sonia,Hendricks,Female
881,Bill,Glass,Female
882,Rebecca,Nolan,Female
883,Daniel,Braun,Female
884,April,Mcdaniel,Female
885,Curtis,Saunders,Male
886,Haley,Pineda,Male
887,Brad,Lynch,Male
888,Ashlee,Snow,Male
889,Malik,Tate,Male
890,Cristina,Berry,Female
891,Malik,Bruce,Female
892,Tonya,Barrett,Male
893,Gabrielle,Knox,Female
894,Darlene,Sheppard,Male
895,Dominique,Mendez,Female
896,Ronnie,David,Female
897,Gabriella,Pena,Male
898,Cindy,Washington,Female
899,Cristina,Arroyo,Female
900,Tracie,Trevino,Female
901,Alyssa,Robles,Female
902,Marco,Shannon,Male
903,Megan,Chavez,Male
904,Francisco,Fox,Female
905,Martha,Lin,Female
906,Sarah,Bautista,Female
907,Katie,George,Female
908,Sylvia,Boyer,Male
909,Whitney,Andrews,Female
910,Michaela,Calhoun,Female
911,Steven,Mata,Male
912,Cheryl,May,Female
913,Yolanda,Wagner,Male
914,Christina,Walters,Female
915,Dustin,Dyer,Female
916,Angel,Knox,Female
917,Jill,Jenkins,Female
918,Gail,Skinner,Male
919,Suzanne,Hernandez,Female
920,Joanne,Silva,Female
921,Cole,Hancock,Male
922,Joshua,Phillips,Male
923,Suzanne,Hendrix,Female
924,Tyler,Morse,Female
925,Debra,Shields,Male
926,Marie,Dominguez,Male
927,Charles,Griffith,Male
928,Shari,Glenn,Female
929,Stephen,Callahan,Male
930,Geoffrey,Booth,Male
931,Noah,Owen,Female
932,Mariah,Finley,Male
933,Angelica,Frazier,Female
934,Angel,Davidson,Female
935,Evelyn,Holloway,Male
936,Luis,Neal,Male
937,Karla,Obrien,Male
938,Glenn,Schaefer,Female
939,Julian,Andrade,Male
940,Willie,Mccall,Female
941,Danielle,Sims,Male
942,Sally,Carrillo,Female
943,Johnny,Elliott,Male
944,Janet,Mckinney,Female
945,Brendan,Ellison,Female
946,Ana,Rivas,Female
947,Emma,Lawson,Male
948,Heather,Holder,Male
949,Daryl,Knox,Male
950,Johnny,Clarke,Female
951,Laurie,Blanchard,Male
952,Malik,Stanley,Male
953,Mikayla,Chaney,Male
954,Tasha,Ramos,Male
955,Travis,Krause,Female
956,Kathy,Yoder,Female
957,Charles,Hubbard,Male
958,Beth,Moyer,Female
959,Joan,Kelly,Female
960,Don,Pacheco,Female
961,Madeline,Sellers,Female
962,Candice,Barber,Male
963,Angel,Marquez,Female
964,Breanna,Mccullough,Female
965,Cassandra,Adkins,Female
966,Sherry,Holloway,Male
967,Caitlyn,Hubbard,Female
968,Noah,Lloyd,Male
969,Vernon,Daugherty,Male
970,Jean,Conway,Male
971,Phyllis,Ray,Female
972,Wesley,Berger,Female
973,Damon,Petersen,Male
974,Tyrone,Ponce,Male
975,Victor,Ayers,Male
976,Dennis,Hampton,Female
977,Darius,Kerr,Male
978,Duane,English,Female
979,Jon,Kaufman,Female
980,Roger,Hernandez,Female
981,James,Atkins,Female
982,Damon,Colon,Male
983,Dorothy,Harvey,Female
984,Derrick,Stanton,Female
985,Susan,Clark,Female
986,Lonnie,Reynolds,Male
987,Joshua,Walker,Female
988,Gavin,Banks,Female
989,Omar,Kent,Male
990,Lydia,Obrien,Male
991,Brittney,Trevino,Female
992,Greg,Chapman,Female
993,Eugene,Love,Female
994,Beverly,Ball,Male
995,Kurt,Bryant,Female
996,Donna,Barry,Female
997,Cathy,Mckinney,Female
998,Jermaine,Phelps,Male
999,Lee,Tran,Female
